n_qubits,mean_fidelity,fidelity_std,mean_runtime
1,1.0000000000000004,6.280369834735101e-16,0.0
2,1.0,1.2819751242557092e-16,0.0
3,1.0,0.0,0.0
4,1.0,0.0,0.0
